scenario_name,disruption_percentage,num_total_ods,num_unaffected,num_delayed,num_infeasible,num_feasible,pct_unaffected,pct_delayed,pct_infeasible,pct_feasible,reachability,F_tons_2024,F_value_2024,F_tons_2050,F_value_2050,unaffected_tons_2024,delayed_tons_2024,infeasible_tons_2024,total_tons_2024,unaffected_value_2024,delayed_value_2024,infeasible_value_2024,total_value_2024
Tons_2024,0.1,10583744,9399981,1154308,29455,10554289,88.81527179795732,10.906424040490775,0.2783041615519045,99.7216958384481,0.997216958384481,0.9844524109288536,0.9971881618387654,0.9823519766158383,0.9971625752992653,3599891.168959258,574317.9333157495,22518.91452847162,4196728.016803479,1501.0555941065952,107.73226400912951,2.4387043274004787,1611.2265624431252
Tons_2024,0.2,10583744,8903166,1647400,33178,10550566,84.12113898446523,15.565380266189354,0.3134807493454112,99.6865192506546,0.9968651925065459,0.9825703586837589,0.9968343669531148,0.9799722635552611,0.996807285771923,3247568.556692891,925075.6078469126,24083.852264597546,4196728.016804401,1325.4786676431906,283.0205362331453,2.727358566584897,1611.2265624429208
Tons_2024,0.3,10583744,8321077,2202193,60474,10523270,78.6212988522776,20.80731544527154,0.5713857024508529,99.42861429754915,0.9942861429754914,0.9731915856403435,0.9942100499229756,0.9696157997730998,0.9941672213411036,3046444.3244035137,1107718.1414106705,42565.550990215605,4196728.0168044,1259.98700189093,345.8070454027453,5.432515149469185,1611.2265624431445
Tons_2024,0.4,10583744,8058890,2436150,88704,10495040,76.14403749750561,23.01784699251985,0.8381155099745421,99.16188449002546,0.9916188449002545,0.9695357785848102,0.991543051088708,0.9655468416598171,0.9915011804398789,2950157.8866097317,1194272.2746830108,52297.85551160972,4196728.016804352,1233.6900053488039,368.2322539538665,9.304303140504812,1611.2265624431752
Tons_2024,0.5,10583744,7758981,2692339,132424,10451320,73.31036162628273,25.4384365305888,1.2512018431284808,98.74879815687152,0.9874879815687152,0.9627787558086962,0.987406200930702,0.9579688975113348,0.9873569195192763,2855726.0442954707,1161805.3409136806,179196.6315952891,4196728.016804441,1143.6485967024723,452.97998979105574,14.597975949357837,1611.2265624428858
Tons_2024,0.6,10583744,7608634,2796480,178630,10405114,71.88981517315611,26.42240779822339,1.6877770286204956,98.3122229713795,0.983122229713795,0.9568526730763963,0.9830324250885245,0.951809900157998,0.9829788852986433,2680092.9954211134,1311213.179492507,205421.84189093957,4196728.01680456,1056.411842173486,528.263418014358,26.55130225488937,1611.2265624427334
Tons_2024,0.7,10583744,7371671,2973955,238118,10345626,69.65088157839041,28.099271864474424,2.249846557135169,97.75015344286483,0.9775015344286483,0.9501407512062499,0.9774106718497205,0.9445728085694721,0.9773560621996739,2544754.706495649,1415374.6288029582,236598.68150668993,4196728.016805297,1004.0099171377801,571.5954068385074,35.62123846735404,1611.2265624436416
Tons_2024,0.8,10583744,7054255,3274230,255259,10328485,66.65179165331286,30.936405869227375,2.411802477459772,97.58819752254023,0.9758819752254023,0.9457215905633272,0.9757843104417567,0.9392036254648325,0.9757245154373806,2460886.0248060697,1496515.2470448797,239326.7449543859,4196728.016805335,954.5353309936104,620.3075636428106,36.38366780729889,1611.22656244372
Tons_2024,0.9,10583744,6967752,3316358,299634,10284110,65.83447218678002,31.334450266370766,2.8310775468492055,97.1689224531508,0.971689224531508,0.938943427419201,0.9715797628891586,0.9318051649763186,0.9715055233108171,2449725.8036028263,1491762.1424731703,255240.0707295508,4196728.016805547,951.3830588233869,618.7016151521683,41.14188846811663,1611.2265624436718
Tons_2024,1.0,10583744,6836417,3407387,339940,10243804,64.59355970817133,32.19453342786825,3.2119068639604285,96.78809313603958,0.9678809313603958,0.9343202095368093,0.9677712562074321,0.9268321699873192,0.9676965573556195,2423073.433775807,1506174.4003201032,267480.18270978227,4196728.016805693,943.0888508070104,624.6309788153053,43.506732821362306,1611.226562443678
Value_2024,0.1,10583744,9365750,1199605,18389,10565355,88.49184182837378,11.334410582871241,0.17374758875498122,99.82625241124502,0.9982625241124502,0.9901710953744595,0.9982398060999336,0.988258100073577,0.9982216841140771,3766140.196371731,422428.48524790525,8159.335183884802,4196728.016803521,1309.722039128462,297.78651120385746,3.71801211118137,1611.2265624435008
Value_2024,0.2,10583744,9281939,1260940,40865,10542879,87.69995759534622,11.913931402724783,0.38611100192899606,99.613888998071,0.99613888998071,0.9863809484683267,0.9961029184851595,0.9843597725910229,0.9960695278547113,3659748.504269619,519843.77700366575,17135.73553036752,4196728.016803652,1272.2386976892724,332.0084121720274,6.979452582259998,1611.2265624435597
Value_2024,0.3,10583744,8958686,1562663,62395,10521349,84.64571705438075,14.764746766361696,0.5895361792575482,99.41046382074245,0.9941046382074246,0.983605418218975,0.9940654248458795,0.9813038581684932,0.9940284376154913,3553995.8146846434,590126.4730611331,52605.729058073564,4196728.01680385,1210.756457527144,383.2037189795754,17.26638593664814,1611.2265624433676
Value_2024,0.4,10583744,8780923,1700667,102154,10481590,82.96613183387656,16.06867097314523,0.9651971929782127,99.03480280702178,0.9903480280702178,0.9778766833707412,0.9903041356485945,0.9750762094548965,0.9902636448855555,3502022.7601615298,627822.5515812406,66882.70506110485,4196728.016803876,1195.9407972257945,395.86722567987675,19.418539537500074,1611.2265624431714
Value_2024,0.5,10583744,8702871,1736690,144183,10439561,82.22866123746002,16.409032569192906,1.3623061933470801,98.63769380665292,0.9863769380665292,0.9731672925261927,0.9863301167197035,0.9702163509300766,0.9862872114210548,3482929.5753720673,636259.5188016985,77538.92262996802,4196728.016803734,1189.4851257944706,400.7032376336615,21.038199015048885,1611.226562443181
Value_2024,0.6,10583744,8631977,1761442,190325,10393419,81.55882266237732,16.64290065972873,1.7982766778939476,98.20172332210605,0.9820172332210605,0.9687183602856914,0.9819705060279241,0.9657273928411618,0.981927585373314,3469934.7813954493,635380.5544699033,91412.6809385851,4196728.016803938,1185.9833769098689,400.29714385642933,24.946041676944517,1611.2265624432428
Value_2024,0.7,10583744,7852623,2517451,213670,10370074,74.1951335935563,23.786015610354898,2.0188507960887945,97.98114920391122,0.9798114920391121,0.9625612962321798,0.9797534292770793,0.9580971325807691,0.9797007821578222,3243560.6332066148,857080.0452654781,96087.33833216339,4196728.0168042565,1094.4485582374414,490.14291311754135,26.635091088615447,1611.2265624435981
Value_2024,0.8,10583744,7304860,3015262,263622,10320122,69.01962103391767,28.489559082305842,2.4908198837764783,97.50918011622353,0.9750918011622353,0.9522524373148649,0.975013118950002,0.9467656138756928,0.9749408237238529,3119892.5263462374,932352.4282953873,144483.06216188092,4196728.016803506,996.5559198667961,551.907746677848,62.762895899170736,1611.2265624438148
Value_2024,0.9,10583744,7249760,3052863,281121,10302623,68.49901131395468,28.844830336032317,2.656158350013001,97.343841649987,0.97343841649987,0.9503948098925897,0.973360267404414,0.9448429771279006,0.9732879294888841,3030539.5718062096,1003684.8047178687,162503.6402795781,4196728.016803657,956.5255600079876,588.9883296143436,65.71267282131765,1611.2265624436488
Value_2024,1.0,10583744,7155259,3136075,292410,10291334,67.60612312618295,29.63105494615138,2.762821927665673,97.23717807233433,0.9723717807233433,0.9492017444603764,0.9722936764468437,0.9436372998146931,0.9722214854345574,2945185.8250238826,1081258.2950998012,170283.89667994273,4196728.016803626,913.5742372504667,626.9368161918654,70.715509001361,1611.226562443693
Tons_2050,0.1,10583744,9393354,1158525,31865,10551879,88.75265690477774,10.946268163704639,0.30107493151761794,99.69892506848238,0.9969892506848238,0.9900944174237595,0.996973058901014,0.9880392118123397,0.9969627610122241,3794294.515832894,388634.0032485358,13799.49772276486,4196728.016804194,1426.0741539792823,182.15714284552905,2.9952656186526077,1611.226562443464
Tons_2050,0.2,10583744,9256535,1277050,50159,10533585,87.45992911393171,12.06614596876115,0.47392491730714575,99.52607508269286,0.9952607508269286,0.9869422142532451,0.9952429315328452,0.9844958896669229,0.9952310098393071,3749373.656131371,419384.1478388846,27970.212833885256,4196728.016804141,1420.3326417216326,186.1223403138318,4.771580408039277,1611.2265624435036
Tons_2050,0.3,10583744,8338530,2139861,105353,10478391,78.78620268970981,20.218374518506874,0.9954227917833236,99.00457720821669,0.9900457720821668,0.9766282162031271,0.990022707349186,0.9728293951349783,0.990002276699888,3285089.2902285666,864422.8093541481,47215.917221356205,4196728.016804071,1299.3648788429596,302.6449641458573,9.216719454279605,1611.2265624430966
Tons_2050,0.4,10583744,8156646,2307644,119454,10464290,77.06768039740946,21.803664185377123,1.1286554172134171,98.87134458278658,0.9887134458278658,0.9732862931157448,0.9886876763385927,0.96908634638487,0.9886646935389768,3253434.954400499,891002.064241602,52290.99816213423,4196728.016804235,1287.8750169245359,312.7470969536539,10.604448564820693,1611.2265624430104
Tons_2050,0.5,10583744,7894454,2526805,162485,10421259,74.59037180037612,23.874396432869123,1.5352317667547515,98.46476823324525,0.9846476823324525,0.963594217962262,0.9845885001194721,0.9586204599059022,0.9845550169810523,3118981.2716550548,1011283.928615627,66462.81653367972,4196728.016804362,1251.537808519439,343.25587113455884,16.432882789382496,1611.2265624433805
Tons_2050,0.6,10583744,7486826,2911595,185323,10398421,70.73891809930399,27.510066381046254,1.7510155196497572,98.24898448035025,0.9824898448035024,0.9538050210507062,0.9823917881293094,0.9476863251530777,0.9823187772580046,2988742.2427533753,1127410.3000082471,80575.47404315506,4196728.016804777,1181.7275239692058,409.3448271584599,20.15421131565324,1611.2265624433187
Tons_2050,0.7,10583744,7463021,2906381,214342,10369402,70.5139976930659,27.46080215092126,2.025200156012844,97.97479984398716,0.9797479984398716,0.9514031835903125,0.9796496988373589,0.9453378260161917,0.9795769188560777,2978445.5150307147,1120872.1755011035,97410.3262729174,4196728.016804735,1178.907527630665,410.332881137157,21.98615367550239,1611.2265624433246
Tons_2050,0.8,10583744,7254132,3087026,242586,10341158,68.54031994727008,29.16761781086164,2.292062241868284,97.70793775813172,0.9770793775813171,0.9475969725774563,0.9769827323949171,0.94139010159003,0.9769052108404305,2729108.135276339,1339390.6608063495,128229.22072210668,4196728.016804795,1010.2660067487232,553.5558238734963,47.40473182146059,1611.22656244368
Tons_2050,0.9,10583744,6703882,3623362,256500,10327244,63.3413090868411,34.235162906434624,2.4235280067242746,97.57647199327573,0.9757647199327573,0.9422063460721714,0.9756591916427443,0.9346609537084196,0.975571780774398,2593046.2260694285,1455439.8374295945,148241.95330585784,4196728.016804881,947.5121613702885,609.813464061678,53.90093701170465,1611.2265624436711
Tons_2050,1.0,10583744,6630369,3620111,333264,10250480,62.6467250152687,34.20444598811158,3.1488289966197214,96.85117100338027,0.9685117100338028,0.9351521822825707,0.9684070026976738,0.9279613298466738,0.968319958286277,2505368.1382138603,1522672.5288524153,168687.34973845133,4196728.016804727,907.8146362144377,640.6198994852908,62.79202674397146,1611.2265624437
Value_2050,0.1,10583744,9484487,1072919,26338,10557406,89.61372270531108,10.137423958856148,0.2488533358327639,99.75114666416724,0.9975114666416723,0.9885057670916406,0.9974741156922108,0.9866927467275377,0.9974382818178493,3829296.0944338795,355972.23466737533,11459.687701894089,4196728.016803149,1353.4291857580015,252.75484768467092,5.042529000946133,1611.2265624436186
Value_2050,0.2,10583744,9300776,1230404,52564,10531180,87.87793809071724,11.625413464271245,0.4966484450115195,99.50335155498848,0.9950335155498848,0.9857779449990947,0.9949965137108828,0.9838129516532269,0.9949608951897169,3648140.2634753925,498248.91482688114,50338.83850141616,4196728.01680369,1266.8814083419618,327.67108452660597,16.674069575058216,1611.2265624436259
Value_2050,0.3,10583744,9251938,1262060,69746,10513998,87.41649457885603,11.924513669264865,0.6589917518791082,99.34100824812089,0.9934100824812089,0.9833401505998048,0.9933718889138389,0.9812198608222507,0.993335691755881,3636040.580145883,504777.1389790278,55910.29767883318,4196728.016803744,1263.7681284937378,329.6436566134558,17.814777336341255,1611.2265624435347
Value_2050,0.4,10583744,8957975,1518582,107187,10476557,84.63899920481825,14.348249541939035,1.0127512532427088,98.98724874675729,0.989872487467573,0.977510524785161,0.9898278498598435,0.9748005004305882,0.9897859939560085,3551696.274240936,576473.0824282719,68558.66013457933,4196728.016803787,1236.14509038576,355.27357528671047,19.807896770595047,1611.2265624430656
Value_2050,0.5,10583744,8919837,1501336,162571,10421173,84.2786541322239,14.1853015341263,1.5360443336497935,98.46395566635022,0.9846395566635021,0.9724281228776375,0.9845949890117438,0.9697552183553946,0.984553262963962,3541159.379188653,572729.1985930185,82839.43902211511,4196728.016803787,1233.6652506696014,355.65884190463123,21.90246986883896,1611.2265624430715
Value_2050,0.6,10583744,8668371,1723053,192320,10391424,81.9026896342164,16.28018402561513,1.8171263401684696,98.18287365983153,0.9818287365983153,0.9690336791549875,0.9817879343678084,0.9661394373215054,0.9817523349004079,3476772.4396441327,611920.1101668292,108035.46699276193,4196728.016803724,1189.2853466394154,371.8878081867831,50.05340761699267,1611.2265624431911
Value_2050,0.7,10583744,8259704,2102924,221116,10362628,78.04141899123789,19.86937703708631,2.0892039716758077,97.91079602832419,0.9791079602832419,0.9630839046013925,0.9790494928901048,0.9592799079114329,0.9789925593070732,3314939.5797458836,763599.2361054986,118189.20095279555,4196728.016804177,1106.6513691344164,451.3908894857277,53.18430382324009,1611.2265624433842
Value_2050,0.8,10583744,8137651,2175989,270104,10313640,76.88820704658012,20.559728202042677,2.5520647513772063,97.4479352486228,0.974479352486228,0.9581922498564621,0.9744224255548531,0.954272132747363,0.9743658818994729,3246084.691976995,795979.9596674419,154663.36515938144,4196728.016803819,1095.4974954299835,452.58900657751,63.14006043584281,1611.2265624433362
Value_2050,0.9,10583744,7501658,2798040,284046,10299698,70.87905754334194,26.43714738376136,2.683795072896699,97.3162049271033,0.973162049271033,0.946685193775172,0.9730607203370011,0.9402413150300506,0.9729305132662828,3158249.912290313,863457.563045331,175020.5414683792,4196728.016804023,1044.2898942264726,484.98817965513285,81.94848856153838,1611.2265624431438
Value_2050,1.0,10583744,7468401,2823922,291421,10292323,70.56483036626736,26.68169222535995,2.753477408372689,97.24652259162731,0.9724652259162732,0.9457880213791842,0.9723646829478714,0.9393038581744809,0.9722365818834575,3121502.1694019814,897916.2457499121,177309.60165206468,4196728.016803958,1033.826295055047,492.5621807353247,84.83808665269599,1611.2265624430677
