step,score_value,n_cumul_links,num_total,num_unaffected,num_delayed,num_infeasible,num_feasible,pct_unaffected,pct_delayed,pct_infeasible,reachability,F_value_2024,val_infeasible_day,val_total_day
1,1262.785222992448,1,10074017,10073147,870,0,10074017,99.99136392166103,0.00863607833895853,0.0,1.0,0.9999999978800045,0.0,1537.3871452015765
2,1250.1703714731348,2,10074017,10070193,3824,0,10074017,99.9620409614159,0.037959038584111975,0.0,1.0,0.9999999915865372,0.0,1537.3871452015765
3,1069.4761528790236,3,10074017,10063801,10216,0,10074017,99.8985906019416,0.1014093980583912,0.0,1.0,0.9999999864915775,0.0,1537.3871452015765
4,985.8846313607291,4,10074017,9981616,92401,0,10074017,99.08277899471481,0.9172210052851806,0.0,1.0,0.9999997814372981,0.0,1537.3871452015765
5,976.4782265417172,5,10074017,9979664,94353,0,10074017,99.06340241434971,0.9365975856502923,0.0,1.0,0.9999997810791645,0.0,1537.3871452015765
6,936.250199919072,6,10074017,9966352,107665,0,10074017,98.93126048923682,1.068739510763184,0.0,1.0,0.9999997577377373,0.0,1537.3871452015765
7,903.3063223543568,7,10074017,9535186,538831,0,10074017,94.65127962360992,5.348720376390074,0.0,1.0,0.9999923139306851,0.0,1537.3871452015765
8,900.2904830450029,8,10074017,9533429,540588,0,10074017,94.63383871597595,5.36616128402404,0.0,1.0,0.9999923117127271,0.0,1537.3871452015765
9,899.0653651245844,9,10074017,9527169,546848,0,10074017,94.57169865804276,5.428301341957235,0.0,1.0,0.9999921425524984,0.0,1537.3871452015765
10,880.045195709047,10,10074017,9525407,548610,0,10074017,94.55420811777466,5.445791882225333,0.0,1.0,0.9999921404620965,0.0,1537.3871452015765
11,825.4723306712297,11,10074017,9521618,545317,7082,10066935,94.51659650762949,5.413103829386033,0.07029966298448773,0.9992970033701551,0.9992891530591084,1.1834028002472663,1537.3871452015765
12,815.1892417532506,12,10074017,9451532,615403,7082,10066935,93.82088594847518,6.108814388540341,0.07029966298448773,0.9992970033701551,0.9992884249810499,1.1834028002472663,1537.3871452015765
13,804.4045596717181,13,10074017,9441124,625811,7082,10066935,93.71757065726611,6.212129679749399,0.07029966298448773,0.9992970033701551,0.9992883943832317,1.1834028002472663,1537.3871452015765
14,798.1616380508516,14,10074017,9180261,886674,7082,10066935,91.12810708975377,8.801593247261742,0.07029966298448773,0.9992970033701551,0.9992877747968631,1.1834028002472663,1537.3871452015765
15,783.8896719414033,15,10074017,9111688,955247,7082,10066935,90.44741536568779,9.482284971327722,0.07029966298448773,0.9992970033701551,0.999287583980367,1.1834028002472663,1537.3871452015765
16,755.588763468187,16,10074017,9105422,954479,14116,10059901,90.38521574859364,9.474661398725056,0.14012285268130875,0.9985987714731869,0.9985893550302253,1.8994071182858345,1537.3871452015765
17,745.2410203778081,17,10074017,8611813,1448088,14116,10059901,85.48539276834653,14.374484378972161,0.14012285268130875,0.9985987714731869,0.9985831387040119,1.8994071182858345,1537.3871452015765
18,733.3709964242058,18,10074017,8605563,1454338,14116,10059901,85.4233519756816,14.436525171637093,0.14012285268130875,0.9985987714731869,0.9985831244762929,1.8994071182858345,1537.3871452015765
19,722.9739143496622,19,10074017,8515128,1544773,14116,10059901,84.5256465221371,15.334230625181593,0.14012285268130875,0.9985987714731869,0.9985822807580881,1.8994071182858345,1537.3871452015765
20,711.7238141225844,20,10074017,8512794,1547107,14116,10059901,84.5024780085243,15.357399138794387,0.14012285268130875,0.9985987714731869,0.9985822715599504,1.8994071182858345,1537.3871452015765
21,709.7352301455244,21,10074017,8358778,1701123,14116,10059901,82.97363405283116,16.886243094487533,0.14012285268130875,0.9985987714731869,0.9985795553080109,1.8994071182858345,1537.3871452015765
22,685.1592837382409,22,10074017,8355271,1704630,14116,10059901,82.93882172325101,16.921055424067678,0.14012285268130875,0.9985987714731869,0.9985795393789432,1.8994071182858345,1537.3871452015765
23,677.3842641671151,23,10074017,8353427,1706474,14116,10059901,82.92051720778315,16.93935993953554,0.14012285268130875,0.9985987714731869,0.998579518346852,1.8994071182858345,1537.3871452015765
24,675.7877065071543,24,10074017,8352962,1693174,27881,10046136,82.91590137280888,16.807337132744564,0.27676149444655496,0.9972323850555345,0.9972131810941536,3.314566382648613,1537.3871452015765
25,674.4283374474201,25,10074017,8338601,1707535,27881,10046136,82.7733465210551,16.94989198449834,0.27676149444655496,0.9972323850555345,0.9972131407139044,3.314566382648613,1537.3871452015765
26,668.5922455526821,26,10074017,8338434,1707702,27881,10046136,82.7716887910751,16.951549714478347,0.27676149444655496,0.9972323850555345,0.9972131407138362,3.314566382648613,1537.3871452015765
27,661.8745182925843,27,10074017,8336985,1705106,31926,10042091,82.75730525370366,16.92578045083704,0.3169142954592989,0.996830857045407,0.9968116842143242,3.527370514483178,1537.3871452015765
28,629.3610829593007,28,10074017,8332618,1702501,38898,10035119,82.71395611105282,16.899921848454298,0.3861220404928838,0.9961387795950711,0.996119619281122,4.547838651548121,1537.3871452015765
29,627.6999597735326,29,10074017,8332141,1702978,38898,10035119,82.70922115775663,16.904656801750484,0.3861220404928838,0.9961387795950711,0.9961195530777606,4.547838651548121,1537.3871452015765
30,613.7435769032988,30,10074017,8301466,1733653,38898,10035119,82.40472494735714,17.20915301214997,0.3861220404928838,0.9961387795950711,0.9961179940446376,4.547838651548121,1537.3871452015765
31,586.6967971393647,31,10074017,8299253,1728796,45968,10028049,82.38275754349034,17.1609398713542,0.45630258515545485,0.9954369741484455,0.9954162237976365,5.724398210328949,1537.3871452015765
32,585.7202649284357,32,10074017,8287369,1740680,45968,10028049,82.26479069868554,17.278906716159007,0.45630258515545485,0.9954369741484455,0.9954160753298432,5.724398210328949,1537.3871452015765
33,585.0353255211704,33,10074017,8266453,1761596,45968,10028049,82.05716746358478,17.48652995125976,0.45630258515545485,0.9954369741484455,0.99541605814922,5.724398210328949,1537.3871452015765
34,584.8340785329065,34,10074017,8265795,1762254,45968,10028049,82.05063580893302,17.493061605911524,0.45630258515545485,0.9954369741484455,0.9954159815708187,5.724398210328949,1537.3871452015765
35,584.7076697514013,35,10074017,8206039,1822010,45968,10028049,81.45746627189531,18.086231142949234,0.45630258515545485,0.9954369741484455,0.9954150450184013,5.724398210328949,1537.3871452015765
36,584.5966103819037,36,10074017,8195899,1832150,45968,10028049,81.35681128987574,18.18688612496882,0.45630258515545485,0.9954369741484455,0.9954150297711317,5.724398210328949,1537.3871452015765
37,579.1959865080267,37,10074017,8077283,1950766,45968,10028049,80.17936638383676,19.36433103100779,0.45630258515545485,0.9954369741484455,0.9954142251411681,5.724398210328949,1537.3871452015765
38,574.8107500261827,38,10074017,8072667,1941897,59453,10014564,80.13354553600614,19.276292664584542,0.5901617994093121,0.9940983820059068,0.9940761775223167,6.940103065862852,1537.3871452015765
39,571.1692850944316,39,10074017,8071624,1942940,59453,10014564,80.12319216852623,19.286646032064468,0.5901617994093121,0.9940983820059068,0.9940722938946862,6.940103065862852,1537.3871452015765
40,568.6498727551352,40,10074017,8006412,2008152,59453,10014564,79.47586350112374,19.933974699466955,0.5901617994093121,0.9940983820059068,0.9940720909518087,6.940103065862852,1537.3871452015765
41,560.6581910802951,41,10074017,7911772,2102792,59453,10014564,78.53641700227426,20.87342119831642,0.5901617994093121,0.9940983820059068,0.9940718524959848,6.940103065862852,1537.3871452015765
42,560.3594107885302,42,10074017,7909538,2105026,59453,10014564,78.51424114134412,20.895597059246573,0.5901617994093121,0.9940983820059068,0.9940718487713038,6.940103065862852,1537.3871452015765
43,557.9875580238385,45,10074017,7908496,2106068,59453,10014564,78.50389770039101,20.90594050019967,0.5901617994093121,0.9940983820059068,0.9940718018844243,6.940103065862852,1537.3871452015765
44,553.4410680919469,46,10074017,7902916,2097528,73573,10000444,78.44850768069976,20.82116796110231,0.7303243581979264,0.9926967564180207,0.9926704716482243,13.31836544147624,1537.3871452015765
45,539.4957973840269,47,10074017,7897651,2102793,73573,10000444,78.39624451695883,20.873431124843247,0.7303243581979264,0.9926967564180207,0.9926704027648267,13.31836544147624,1537.3871452015765
46,532.6008052977345,48,10074017,7894892,2102524,76601,9997416,78.36885722944483,20.87076088912695,0.7603818814282326,0.9923961811857177,0.9923698284202509,13.846531458740623,1537.3871452015765
47,527.5955299038095,49,10074017,7891456,2100786,81775,9992242,78.33474968326935,20.853508585502684,0.8117417312279699,0.9918825826877203,0.9918562324083774,14.048848063257786,1537.3871452015765
48,524.4523553098604,50,10074017,7890697,2087247,96073,9977944,78.32721544940811,20.719113338800202,0.9536712117916815,0.9904632878820832,0.9904370219518606,16.15682205020216,1537.3871452015765
49,522.132874714322,51,10074017,7890697,2087247,96073,9977944,78.32721544940811,20.719113338800202,0.9536712117916815,0.9904632878820832,0.9904370219518606,16.15682205020216,1537.3871452015765
50,519.5628207645061,52,10074017,7875979,2101965,96073,9977944,78.18111682757733,20.865211960630997,0.9536712117916815,0.9904632878820832,0.9904369806657498,16.15682205020216,1537.3871452015765
